id,Label
6593,PropTech
7219,ConstructionTech
5506,ConstructionTech
7251,Health & Life Science Tech
6215,ManufacturingTech
7443,ConstructionTech
7484,ConstructionTech
6572,ConstructionTech
7066,ConstructionTech
6913,FinTech
5600,ManufacturingTech
5575,ConstructionTech
6023,FinTech
5687,ConstructionTech
6072,ConstructionTech
5121,PropTech
7313,FinTech
5453,ConstructionTech
5321,Health & Life Science Tech
6002,FinTech
6547,ConstructionTech
6106,FinTech
6049,ConstructionTech
5496,Health & Life Science Tech
6131,PropTech
7075,FinTech
6948,ManufacturingTech
6140,ManufacturingTech
6360,FinTech
5525,FinTech
6080,FinTech
5560,ManufacturingTech
6582,FinTech
5615,ManufacturingTech
5697,FinTech
7407,FinTech
6616,Health & Life Science Tech
7468,FinTech
5723,ManufacturingTech
5392,PropTech
5646,ManufacturingTech
5599,ManufacturingTech
6981,FinTech
6227,FinTech
6544,ManufacturingTech
6843,FinTech
6421,PropTech
5246,PropTech
5426,PropTech
5447,Health & Life Science Tech
5965,ManufacturingTech
5968,FinTech
6549,FinTech
7205,ManufacturingTech
5523,ManufacturingTech
6698,ManufacturingTech
5760,ManufacturingTech
5676,FinTech
5054,ManufacturingTech
5264,ManufacturingTech
6338,ManufacturingTech
5056,PropTech
6903,FinTech
6286,ManufacturingTech
5659,FinTech
7171,FinTech
5693,Health & Life Science Tech
7386,ManufacturingTech
6758,ManufacturingTech
7369,ManufacturingTech
6063,FinTech
6030,Health & Life Science Tech
6463,ConstructionTech
6958,PropTech
7288,FinTech
5420,Health & Life Science Tech
7411,FinTech
7388,PropTech
5052,FinTech
5401,PropTech
5460,ManufacturingTech
6799,ManufacturingTech
6522,ManufacturingTech
5310,ManufacturingTech
7060,FinTech
5255,FinTech
6965,FinTech
6678,PropTech
5531,FinTech
6945,Health & Life Science Tech
5904,PropTech
6518,ManufacturingTech
5305,ManufacturingTech
5039,ManufacturingTech
5328,FinTech
5675,FinTech
5898,FinTech
5716,ManufacturingTech
6173,FinTech
6803,ManufacturingTech
5535,ManufacturingTech
6094,FinTech
5128,Health & Life Science Tech
5044,FinTech
5827,FinTech
6346,PropTech
7336,FinTech
5492,ManufacturingTech
5948,ConstructionTech
7024,PropTech
6848,FinTech
7364,FinTech
7320,ManufacturingTech
6826,PropTech
6557,FinTech
6007,PropTech
5006,ManufacturingTech
5087,FinTech
7401,PropTech
6337,FinTech
7348,ManufacturingTech
7296,PropTech
5604,ManufacturingTech
6291,FinTech
5138,ManufacturingTech
5654,FinTech
6955,ManufacturingTech
6477,ManufacturingTech
5775,FinTech
5339,PropTech
6229,Health & Life Science Tech
6543,FinTech
6648,ManufacturingTech
6378,PropTech
7436,ConstructionTech
5096,PropTech
6204,FinTech
5154,Health & Life Science Tech
5458,ManufacturingTech
6492,Health & Life Science Tech
5262,FinTech
6820,Health & Life Science Tech
6516,ManufacturingTech
7025,ConstructionTech
6804,PropTech
7086,ManufacturingTech
7164,FinTech
5049,FinTech
7013,FinTech
5394,ManufacturingTech
5333,PropTech
7062,FinTech
5873,ManufacturingTech
5815,ManufacturingTech
7220,Health & Life Science Tech
5033,PropTech
5842,PropTech
6120,ManufacturingTech
5606,ManufacturingTech
6389,FinTech
5970,FinTech
6932,ManufacturingTech
5282,ManufacturingTech
7321,FinTech
6092,ManufacturingTech
7044,PropTech
7233,ConstructionTech
6687,ManufacturingTech
5166,FinTech
6581,FinTech
6485,PropTech
5259,PropTech
5554,ManufacturingTech
7011,ManufacturingTech
7363,FinTech
6401,FinTech
6125,ManufacturingTech
5796,FinTech
7354,FinTech
6261,PropTech
5490,ManufacturingTech
5433,PropTech
5316,PropTech
5133,PropTech
5051,ManufacturingTech
7134,FinTech
5861,FinTech
5354,ManufacturingTech
6517,ManufacturingTech
5992,ManufacturingTech
5177,ManufacturingTech
5975,ManufacturingTech
5683,ManufacturingTech
7161,ManufacturingTech
6755,FinTech
6243,FinTech
5915,PropTech
5734,FinTech
7361,PropTech
5580,FinTech
6662,PropTech
6076,FinTech
6370,ManufacturingTech
6626,ConstructionTech
7188,PropTech
5478,ManufacturingTech
6061,FinTech
5410,ManufacturingTech
5075,ConstructionTech
5680,FinTech
5643,FinTech
6686,FinTech
6257,ManufacturingTech
7104,Health & Life Science Tech
6328,Health & Life Science Tech
6621,FinTech
5883,ManufacturingTech
5721,FinTech
6160,FinTech
6677,FinTech
7343,PropTech
6879,ConstructionTech
7231,PropTech
5741,PropTech
6186,FinTech
5071,FinTech
6263,PropTech
6308,ManufacturingTech
6045,PropTech
6212,PropTech
6341,ConstructionTech
5704,ConstructionTech
6944,Health & Life Science Tech
5202,ConstructionTech
6333,ManufacturingTech
7328,Health & Life Science Tech
5252,ConstructionTech
6283,ManufacturingTech
6304,FinTech
7046,ConstructionTech
6906,Health & Life Science Tech
6095,ConstructionTech
5959,ConstructionTech
6961,PropTech
6726,PropTech
6766,ConstructionTech
5378,PropTech
5200,Health & Life Science Tech
6100,Health & Life Science Tech
6154,ManufacturingTech
6064,ConstructionTech
7496,ConstructionTech
5688,FinTech
6363,FinTech
7101,ConstructionTech
5907,ManufacturingTech
5375,PropTech
6667,FinTech
5010,ManufacturingTech
6198,ConstructionTech
5696,ConstructionTech
6849,ConstructionTech
7018,ManufacturingTech
6960,Health & Life Science Tech
6322,ConstructionTech
5636,ConstructionTech
6564,ManufacturingTech
6589,PropTech
5582,PropTech
5019,ManufacturingTech
6525,ManufacturingTech
6984,ManufacturingTech
6632,FinTech
7181,FinTech
6738,ManufacturingTech
7372,Health & Life Science Tech
5225,ManufacturingTech
6907,Health & Life Science Tech
5483,ManufacturingTech
5399,Health & Life Science Tech
7026,Health & Life Science Tech
6728,Health & Life Science Tech
5413,ManufacturingTech
6085,ConstructionTech
7389,ManufacturingTech
6767,FinTech
6504,FinTech
7413,ManufacturingTech
6366,FinTech
5029,PropTech
5958,FinTech
6526,FinTech
5663,ConstructionTech
7127,PropTech
5911,ManufacturingTech
5814,ConstructionTech
7317,PropTech
6134,PropTech
6445,PropTech
5844,Health & Life Science Tech
6486,Health & Life Science Tech
7308,PropTech
5013,FinTech
5761,Health & Life Science Tech
7446,ConstructionTech
5369,PropTech
5221,Health & Life Science Tech
5130,ManufacturingTech
6267,PropTech
6929,ConstructionTech
6860,Health & Life Science Tech
5493,FinTech
6408,ConstructionTech
7299,Health & Life Science Tech
7160,ConstructionTech
5629,ManufacturingTech
5195,PropTech
5572,ConstructionTech
6727,Health & Life Science Tech
5441,ConstructionTech
5832,PropTech
6856,ConstructionTech
7214,FinTech
6315,ManufacturingTech
6696,ManufacturingTech
6565,ConstructionTech
6413,FinTech
7173,Health & Life Science Tech
5329,ManufacturingTech
5327,ManufacturingTech
5038,ManufacturingTech
7021,PropTech
7434,ConstructionTech
5114,FinTech
5245,PropTech
5141,PropTech
6411,FinTech
5035,FinTech
6806,FinTech
6282,FinTech
6452,FinTech
5943,ManufacturingTech
5439,Health & Life Science Tech
7304,ConstructionTech
5996,PropTech
6717,FinTech
6039,Health & Life Science Tech
5067,PropTech
5131,PropTech
5314,FinTech
6077,ManufacturingTech
5472,FinTech
6167,Health & Life Science Tech
6641,FinTech
7469,Health & Life Science Tech
6583,ManufacturingTech
5881,Health & Life Science Tech
6024,FinTech
7091,ConstructionTech
6925,FinTech
5482,ConstructionTech
5514,Health & Life Science Tech
6771,PropTech
5371,ConstructionTech
6969,Health & Life Science Tech
5662,FinTech
5665,ConstructionTech
7144,FinTech
7310,Health & Life Science Tech
6065,PropTech
6926,ConstructionTech
6270,FinTech
5434,PropTech
6423,Health & Life Science Tech
6769,Health & Life Science Tech
5738,PropTech
6657,PropTech
6924,ConstructionTech
6187,PropTech
6510,FinTech
6118,FinTech
6710,PropTech
7282,ManufacturingTech
5703,ManufacturingTech
6973,ManufacturingTech
6995,ConstructionTech
6810,ManufacturingTech
6729,PropTech
5955,ConstructionTech
6435,Health & Life Science Tech
7414,ConstructionTech
5078,ConstructionTech
7430,FinTech
6890,Health & Life Science Tech
5416,ConstructionTech
6776,ConstructionTech
7311,ConstructionTech
5263,ConstructionTech
6393,ConstructionTech
5335,ConstructionTech
7038,ConstructionTech
7088,Health & Life Science Tech
6009,ConstructionTech
6669,Health & Life Science Tech
5210,FinTech
5971,ConstructionTech
6165,ConstructionTech
7207,Health & Life Science Tech
6066,PropTech
5910,PropTech
6285,Health & Life Science Tech
5203,PropTech
6629,PropTech
7265,PropTech
7292,ConstructionTech
5309,ManufacturingTech
7258,ConstructionTech
6500,Health & Life Science Tech
6191,PropTech
7408,FinTech
6646,FinTech
5463,PropTech
5619,PropTech
6130,PropTech
6176,PropTech
6159,FinTech
5710,ManufacturingTech
5751,PropTech
6597,PropTech
6971,PropTech
6157,PropTech
7002,PropTech
7094,ConstructionTech
6388,ConstructionTech
5509,PropTech
6963,PropTech
6864,Health & Life Science Tech
6425,PropTech
7309,ManufacturingTech
6681,ManufacturingTech
5573,Health & Life Science Tech
6294,ManufacturingTech
5251,ConstructionTech
7117,PropTech
6183,FinTech
5324,Health & Life Science Tech
6327,FinTech
5567,ConstructionTech
5729,ConstructionTech
5026,PropTech
5267,Health & Life Science Tech
6744,FinTech
6928,Health & Life Science Tech
6954,ConstructionTech
6087,Health & Life Science Tech
5625,ConstructionTech
5757,FinTech
5484,FinTech
5080,ConstructionTech
6541,ConstructionTech
5598,Health & Life Science Tech
6258,Health & Life Science Tech
6684,Health & Life Science Tech
6892,ManufacturingTech
7049,ConstructionTech
7189,ManufacturingTech
5281,FinTech
7325,Health & Life Science Tech
6888,ConstructionTech
7285,FinTech
6578,ManufacturingTech
5593,Health & Life Science Tech
6689,Health & Life Science Tech
7008,Health & Life Science Tech
5869,ManufacturingTech
6811,FinTech
6027,ManufacturingTech
5988,FinTech
7005,FinTech
7448,Health & Life Science Tech
5875,PropTech
6331,ManufacturingTech
5113,FinTech
6653,ConstructionTech
7089,FinTech
5866,PropTech
6164,ManufacturingTech
7476,PropTech
6660,FinTech
6893,PropTech
5340,FinTech
5886,Health & Life Science Tech
7093,ConstructionTech
6703,Health & Life Science Tech
6096,ConstructionTech
6409,ManufacturingTech
6181,Health & Life Science Tech
5101,Health & Life Science Tech
5889,Health & Life Science Tech
6634,ManufacturingTech
6560,FinTech
5452,Health & Life Science Tech
5218,Health & Life Science Tech
6639,Health & Life Science Tech
6938,ConstructionTech
5237,PropTech
5777,ManufacturingTech
5634,ManufacturingTech
6202,Health & Life Science Tech
6664,PropTech
6048,PropTech
7036,PropTech
7145,PropTech
6268,ConstructionTech
5511,PropTech
6952,FinTech
5307,ConstructionTech
7125,PropTech
6109,ConstructionTech
5021,ConstructionTech
7017,ConstructionTech
6111,ConstructionTech
5913,PropTech
5485,ConstructionTech
6878,ConstructionTech
5836,FinTech
6383,PropTech
6129,ManufacturingTech
5486,Health & Life Science Tech
7498,Health & Life Science Tech
5894,ConstructionTech
5936,ConstructionTech
7113,ConstructionTech
5380,PropTech
5427,PropTech
6569,ConstructionTech
6279,ManufacturingTech
7191,ConstructionTech
6614,ConstructionTech
6914,PropTech
7255,ConstructionTech
6838,ConstructionTech
5001,FinTech
7157,FinTech
6673,ConstructionTech
6254,FinTech
6217,Health & Life Science Tech
6756,FinTech
6295,ManufacturingTech
5120,ConstructionTech
6808,PropTech
5415,Health & Life Science Tech
7402,ManufacturingTech
5474,Health & Life Science Tech
6754,PropTech
5111,FinTech
5618,PropTech
6071,FinTech
6318,Health & Life Science Tech
5739,PropTech
5690,Health & Life Science Tech
5084,ManufacturingTech
6720,ManufacturingTech
7252,Health & Life Science Tech
5178,ManufacturingTech
6533,FinTech
5691,ConstructionTech
6556,Health & Life Science Tech
6939,ManufacturingTech
5728,ManufacturingTech
5430,PropTech
6943,ConstructionTech
5160,PropTech
5411,PropTech
6857,ManufacturingTech
7241,ConstructionTech
5652,FinTech
5850,Health & Life Science Tech
5809,ConstructionTech
7206,ConstructionTech
7061,Health & Life Science Tech
5061,PropTech
6588,ManufacturingTech
7115,Health & Life Science Tech
6344,Health & Life Science Tech
6056,Health & Life Science Tech
6324,ConstructionTech
6153,FinTech
5776,ManufacturingTech
7057,FinTech
6329,FinTech
5661,FinTech
5009,FinTech
6057,Health & Life Science Tech
7403,ConstructionTech
6177,PropTech
6986,Health & Life Science Tech
5129,FinTech
5464,ManufacturingTech
7374,Health & Life Science Tech
5789,Health & Life Science Tech
5428,ManufacturingTech
5289,ManufacturingTech
6851,ManufacturingTech
5163,ConstructionTech
5563,FinTech
6976,PropTech
5336,FinTech
7405,ManufacturingTech
6709,ManufacturingTech
5590,FinTech
6873,PropTech
6915,Health & Life Science Tech
6850,Health & Life Science Tech
5448,FinTech
7463,PropTech
7433,ConstructionTech
7447,ManufacturingTech
7366,FinTech
6881,PropTech
5149,FinTech
5224,PropTech
5570,ConstructionTech
6495,ConstructionTech
5785,ConstructionTech
7437,PropTech
7262,PropTech
6947,FinTech
6788,Health & Life Science Tech
6568,ConstructionTech
6896,Health & Life Science Tech
6852,FinTech
6695,PropTech
5826,ConstructionTech
6062,PropTech
5725,Health & Life Science Tech
5004,PropTech
7230,ConstructionTech
7193,FinTech
6922,ConstructionTech
7497,Health & Life Science Tech
6883,ManufacturingTech
7073,FinTech
5349,ConstructionTech
5526,ConstructionTech
6571,PropTech
6433,FinTech
6683,ManufacturingTech
5997,FinTech
7486,PropTech
6663,FinTech
5795,FinTech
5142,ManufacturingTech
5241,PropTech
7202,ManufacturingTech
7163,PropTech
7139,ConstructionTech
6532,Health & Life Science Tech
5782,ConstructionTech
6774,PropTech
6199,ConstructionTech
5655,FinTech
5960,ManufacturingTech
5272,FinTech
5011,ManufacturingTech
5726,Health & Life Science Tech
6174,Health & Life Science Tech
6527,Health & Life Science Tech
5888,ConstructionTech
7444,PropTech
6354,PropTech
6617,PropTech
6182,ManufacturingTech
5118,FinTech
5922,Health & Life Science Tech
6133,ManufacturingTech
6908,PropTech
5882,PropTech
5746,ConstructionTech
5546,ManufacturingTech
7392,ManufacturingTech
6310,FinTech
7210,PropTech
6088,Health & Life Science Tech
5730,ConstructionTech
7355,ManufacturingTech
6631,ConstructionTech
6760,ManufacturingTech
6222,Health & Life Science Tech
5285,ManufacturingTech
5064,ManufacturingTech
5091,Health & Life Science Tech
7477,Health & Life Science Tech
5231,PropTech
6069,PropTech
5931,ConstructionTech
6757,FinTech
6942,Health & Life Science Tech
7492,ConstructionTech
6132,Health & Life Science Tech
6718,Health & Life Science Tech
7404,FinTech
6032,Health & Life Science Tech
5825,ManufacturingTech
6555,ManufacturingTech
5330,ManufacturingTech
5408,ManufacturingTech
6139,PropTech
6494,Health & Life Science Tech
6026,FinTech
5037,PropTech
7014,PropTech
6068,ConstructionTech
6912,ConstructionTech
6625,PropTech
6297,Health & Life Science Tech
5235,ConstructionTech
6574,ManufacturingTech
5859,ManufacturingTech
6314,PropTech
5398,PropTech
5212,Health & Life Science Tech
5481,Health & Life Science Tech
7394,ConstructionTech
7315,Health & Life Science Tech
6671,PropTech
7450,Health & Life Science Tech
5319,Health & Life Science Tech
5480,FinTech
6813,Health & Life Science Tech
5382,Health & Life Science Tech
6272,FinTech
6795,ConstructionTech
6753,FinTech
5409,ManufacturingTech
6515,FinTech
7126,FinTech
5036,Health & Life Science Tech
5254,ConstructionTech
5063,FinTech
5103,PropTech
6748,Health & Life Science Tech
6827,ManufacturingTech
6859,FinTech
6469,Health & Life Science Tech
7249,PropTech
5584,PropTech
6386,ManufacturingTech
5499,ManufacturingTech
6488,PropTech
7276,Health & Life Science Tech
6226,FinTech
5597,FinTech
6374,ConstructionTech
5137,Health & Life Science Tech
7266,PropTech
6867,FinTech
7140,ManufacturingTech
6158,PropTech
6694,ManufacturingTech
5173,Health & Life Science Tech
6148,Health & Life Science Tech
7319,PropTech
5549,PropTech
5470,PropTech
6152,ManufacturingTech
5107,FinTech
6612,ManufacturingTech
5325,FinTech
5388,PropTech
7020,PropTech
6465,ConstructionTech
6836,PropTech
5742,ManufacturingTech
6606,ConstructionTech
6162,FinTech
5228,PropTech
7359,ConstructionTech
6326,PropTech
6904,PropTech
6179,PropTech
5929,Health & Life Science Tech
5185,PropTech
7158,ConstructionTech
5828,Health & Life Science Tech
5016,ManufacturingTech
6905,ManufacturingTech
5999,FinTech
7098,PropTech
7204,ManufacturingTech
7034,PropTech
5813,ConstructionTech
6001,ManufacturingTech
7267,ManufacturingTech
5226,ManufacturingTech
5753,FinTech
7200,ManufacturingTech
5972,ConstructionTech
6078,ConstructionTech
6824,ManufacturingTech
5156,ManufacturingTech
7244,FinTech
5937,ManufacturingTech
7221,Health & Life Science Tech
5432,ManufacturingTech
5372,ManufacturingTech
5476,ManufacturingTech
6611,ManufacturingTech
7257,ManufacturingTech
7050,PropTech
5530,PropTech
6693,Health & Life Science Tech
7003,ConstructionTech
7023,Health & Life Science Tech
6284,FinTech
6055,ConstructionTech
5167,PropTech
6402,ConstructionTech
5270,PropTech
6927,PropTech
6874,ManufacturingTech
5545,PropTech
5467,FinTech
5896,ConstructionTech
6619,FinTech
6885,FinTech
5473,ManufacturingTech
5986,ManufacturingTech
5312,Health & Life Science Tech
5995,Health & Life Science Tech
6086,PropTech
5243,ConstructionTech
6372,ManufacturingTech
6700,Health & Life Science Tech
5211,Health & Life Science Tech
6044,ManufacturingTech
5457,ManufacturingTech
6816,FinTech
6234,FinTech
5315,Health & Life Science Tech
7338,ManufacturingTech
5715,FinTech
5407,PropTech
7010,ManufacturingTech
6802,FinTech
6901,Health & Life Science Tech
5846,ManufacturingTech
7470,PropTech
5672,ManufacturingTech
6339,ConstructionTech
7195,PropTech
5722,FinTech
5864,Health & Life Science Tech
5449,Health & Life Science Tech
6786,FinTech
6255,FinTech
6949,ConstructionTech
7182,ConstructionTech
7152,ConstructionTech
6399,PropTech
6013,PropTech
5630,PropTech
6021,PropTech
5768,Health & Life Science Tech
5935,ConstructionTech
6037,PropTech
7072,ConstructionTech
7170,PropTech
5358,PropTech
5624,ConstructionTech
7410,PropTech
5466,ConstructionTech
6473,PropTech
7120,Health & Life Science Tech
7307,PropTech
7064,FinTech
7333,ConstructionTech
5343,ConstructionTech
6296,FinTech
5758,ManufacturingTech
7293,ConstructionTech
5122,ManufacturingTech
6099,FinTech
6854,PropTech
7211,FinTech
5594,Health & Life Science Tech
6764,ManufacturingTech
6917,Health & Life Science Tech
6384,ManufacturingTech
5674,ManufacturingTech
6316,PropTech
6772,FinTech
6743,ManufacturingTech
6288,ConstructionTech
6459,ManufacturingTech
6145,ConstructionTech
5845,ConstructionTech
6674,FinTech
6005,ManufacturingTech
5900,FinTech
5740,PropTech
5074,ManufacturingTech
7431,ManufacturingTech
7084,PropTech
5260,Health & Life Science Tech
7460,Health & Life Science Tech
7029,ConstructionTech
6210,ManufacturingTech
5701,ConstructionTech
5952,PropTech
5387,FinTech
6899,PropTech
5249,ConstructionTech
5442,ManufacturingTech
5973,ConstructionTech
6221,ConstructionTech
5303,Health & Life Science Tech
7069,FinTech
5196,FinTech
7016,FinTech
6550,FinTech
5892,ConstructionTech
6356,Health & Life Science Tech
6822,PropTech
5047,PropTech
5581,ConstructionTech
6679,PropTech
7393,FinTech
5642,Health & Life Science Tech
5508,FinTech
6996,FinTech
5344,FinTech
5764,FinTech
5648,ManufacturingTech
7485,ConstructionTech
6351,ConstructionTech
7494,FinTech
6143,Health & Life Science Tech
5213,ManufacturingTech
6293,ManufacturingTech
5181,PropTech
6022,ConstructionTech
5727,PropTech
7441,ConstructionTech
5848,ConstructionTech
6427,ManufacturingTech
6305,ConstructionTech
6203,PropTech
5858,FinTech
6676,ConstructionTech
5066,FinTech
5240,ConstructionTech
7303,FinTech
5766,ConstructionTech
7379,ManufacturingTech
7224,ManufacturingTech
7185,ConstructionTech
6471,Health & Life Science Tech
7154,Health & Life Science Tech
6151,ManufacturingTech
5393,Health & Life Science Tech
5274,ManufacturingTech
6636,ConstructionTech
7150,PropTech
5791,ManufacturingTech
5912,PropTech
5927,ConstructionTech
5503,PropTech
6443,FinTech
5444,FinTech
6972,ConstructionTech
5596,ManufacturingTech
5521,ManufacturingTech
5658,ConstructionTech
5062,FinTech
5942,Health & Life Science Tech
6000,FinTech
6432,Health & Life Science Tech
7360,ManufacturingTech
5933,PropTech
7412,ManufacturingTech
7247,FinTech
7103,ManufacturingTech
6528,Health & Life Science Tech
5754,PropTech
5357,ConstructionTech
5890,ConstructionTech
6280,PropTech
6935,PropTech
7330,PropTech
6871,PropTech
6576,Health & Life Science Tech
6287,PropTech
6450,ManufacturingTech
6460,FinTech
7281,FinTech
6156,FinTech
5810,FinTech
5747,ConstructionTech
5140,ConstructionTech
7373,FinTech
5732,Health & Life Science Tech
5893,PropTech
7138,ConstructionTech
7048,FinTech
7033,FinTech
5677,ManufacturingTech
5208,PropTech
7071,PropTech
6126,FinTech
5950,ManufacturingTech
5189,Health & Life Science Tech
5098,ManufacturingTech
6054,PropTech
7235,PropTech
6340,PropTech
6790,ManufacturingTech
5919,PropTech
6091,PropTech
6244,ManufacturingTech
5253,FinTech
7352,ConstructionTech
5437,ConstructionTech
5174,ConstructionTech
5612,ManufacturingTech
5313,ManufacturingTech
7471,ManufacturingTech
6863,PropTech
5296,Health & Life Science Tech
5925,ManufacturingTech
7383,ManufacturingTech
6457,Health & Life Science Tech
6523,FinTech
5765,PropTech
5046,Health & Life Science Tech
5209,ConstructionTech
6240,FinTech
7092,ManufacturingTech
6144,ManufacturingTech
6505,Health & Life Science Tech
5855,PropTech
5459,FinTech
6567,Health & Life Science Tech
5820,ManufacturingTech
7416,Health & Life Science Tech
5856,ConstructionTech
5042,FinTech
5591,Health & Life Science Tech
5199,ConstructionTech
5446,PropTech
6171,ConstructionTech
6722,Health & Life Science Tech
5709,Health & Life Science Tech
5542,PropTech
5294,ConstructionTech
6252,PropTech
5982,FinTech
5737,Health & Life Science Tech
5043,ManufacturingTech
5926,Health & Life Science Tech
7218,ConstructionTech
6150,ManufacturingTech
7028,ConstructionTech
6993,Health & Life Science Tech
7474,PropTech
6577,ManufacturingTech
6536,Health & Life Science Tech
5895,ManufacturingTech
5359,Health & Life Science Tech
6821,Health & Life Science Tech
5780,Health & Life Science Tech
5144,ConstructionTech
5083,PropTech
5024,FinTech
7226,PropTech
5311,ManufacturingTech
6059,ManufacturingTech
6362,ConstructionTech
6801,ConstructionTech
6122,ConstructionTech
5566,PropTech
5502,ConstructionTech
7124,PropTech
7453,ConstructionTech
5906,FinTech
6200,ManufacturingTech
5012,FinTech
5275,ManufacturingTech
5048,ConstructionTech
6833,ManufacturingTech
5273,Health & Life Science Tech
7298,Health & Life Science Tech
5529,Health & Life Science Tech
6759,Health & Life Science Tech
6635,ConstructionTech
5720,Health & Life Science Tech
6277,ManufacturingTech
7143,ManufacturingTech
6933,Health & Life Science Tech
6916,PropTech
5422,ManufacturingTech
5664,ManufacturingTech
7400,ConstructionTech
5528,FinTech
5341,FinTech
7212,Health & Life Science Tech
7478,Health & Life Science Tech
6058,FinTech
7458,Health & Life Science Tech
5519,ConstructionTech
5099,PropTech
7409,FinTech
5090,Health & Life Science Tech
6537,Health & Life Science Tech
5451,ManufacturingTech
5105,FinTech
7331,ManufacturingTech
6618,FinTech
7481,PropTech
7223,Health & Life Science Tech
5854,ManufacturingTech
6249,FinTech
6102,PropTech
6723,ManufacturingTech
5108,PropTech
6773,Health & Life Science Tech
7087,ConstructionTech
5477,PropTech
6019,ConstructionTech
5145,PropTech
6957,PropTech
6040,ConstructionTech
5884,FinTech
6789,ManufacturingTech
6842,FinTech
5518,ConstructionTech
5837,Health & Life Science Tech
7030,ManufacturingTech
5469,FinTech
5345,FinTech
6012,ManufacturingTech
5385,ManufacturingTech
5686,ConstructionTech
5949,FinTech
5337,ManufacturingTech
6562,ConstructionTech
5790,ManufacturingTech
5028,ManufacturingTech
5561,FinTech
5172,ConstructionTech
6137,PropTech
7239,ConstructionTech
6761,FinTech
5985,ManufacturingTech
5879,ManufacturingTech
5510,ManufacturingTech
7318,FinTech
6352,PropTech
7201,ManufacturingTech
6545,FinTech
5679,ConstructionTech
6405,ConstructionTech
6276,ManufacturingTech
7490,ConstructionTech
5187,Health & Life Science Tech
7142,ConstructionTech
5803,Health & Life Science Tech
5953,FinTech
6931,Health & Life Science Tech
7096,ConstructionTech
6998,Health & Life Science Tech
6325,ConstructionTech
5867,Health & Life Science Tech
6311,Health & Life Science Tech
5248,PropTech
6353,ManufacturingTech
6266,ManufacturingTech
5736,FinTech
5205,FinTech
5534,FinTech
5197,FinTech
5984,ManufacturingTech
5631,PropTech
5671,ManufacturingTech
6042,FinTech
5323,PropTech
5229,PropTech
5088,PropTech
7037,PropTech
6551,Health & Life Science Tech
6406,FinTech
5956,PropTech
6875,PropTech
7250,FinTech
5146,FinTech
5962,ManufacturingTech
5055,PropTech
5682,ConstructionTech
6742,PropTech
5700,PropTech
5089,ManufacturingTech
7149,PropTech
5989,Health & Life Science Tech
5027,ManufacturingTech
5219,ConstructionTech
5239,ManufacturingTech
6775,FinTech
5609,FinTech
5978,PropTech
5214,ConstructionTech
6003,FinTech
6956,ManufacturingTech
6262,ManufacturingTech
6470,ConstructionTech
6900,ManufacturingTech
6730,Health & Life Science Tech
6966,FinTech
5347,ConstructionTech
7482,FinTech
5685,PropTech
5068,ManufacturingTech
6462,PropTech
5773,Health & Life Science Tech
5293,ManufacturingTech
6247,Health & Life Science Tech
6967,ManufacturingTech
7190,Health & Life Science Tech
6586,ConstructionTech
6884,FinTech
7254,ManufacturingTech
7259,Health & Life Science Tech
6439,FinTech
5540,ManufacturingTech
5025,ManufacturingTech
5265,PropTech
7421,Health & Life Science Tech
7399,ConstructionTech
5353,Health & Life Science Tech
5405,Health & Life Science Tech
5822,FinTech
5981,ConstructionTech
6862,ManufacturingTech
5032,ConstructionTech
5288,ConstructionTech
7268,ConstructionTech
5127,ManufacturingTech
5633,FinTech
6224,ConstructionTech
6104,ConstructionTech
5132,ConstructionTech
5269,FinTech
7487,ConstructionTech
6412,PropTech
7428,FinTech
6837,FinTech
7175,ConstructionTech
6590,PropTech
5565,ConstructionTech
5885,Health & Life Science Tech
5626,PropTech
6921,ConstructionTech
7177,ConstructionTech
6540,FinTech
7065,ManufacturingTech
5831,ManufacturingTech
5406,ManufacturingTech
5395,Health & Life Science Tech
5102,Health & Life Science Tech
6479,Health & Life Science Tech
6840,Health & Life Science Tech
5689,ConstructionTech
6994,ManufacturingTech
7135,ConstructionTech
6988,ConstructionTech
5438,ManufacturingTech
6817,FinTech
5557,Health & Life Science Tech
6208,ConstructionTech
6580,ManufacturingTech
6438,PropTech
6731,ManufacturingTech
5342,PropTech
5242,PropTech
5767,ManufacturingTech
5957,ConstructionTech
5537,ConstructionTech
7184,FinTech
6940,Health & Life Science Tech
6454,Health & Life Science Tech
5223,FinTech
7367,FinTech
5961,ConstructionTech
6835,ManufacturingTech
5656,ConstructionTech
5880,FinTech
6745,ManufacturingTech
5495,ConstructionTech
7111,ConstructionTech
7215,ManufacturingTech
7078,ConstructionTech
7056,Health & Life Science Tech
6015,Health & Life Science Tech
6239,Health & Life Science Tech
6419,PropTech
5670,PropTech
7063,ConstructionTech
6075,PropTech
6395,FinTech
7216,ManufacturingTech
6592,ConstructionTech
5578,ConstructionTech
6507,FinTech
6659,PropTech
6306,ManufacturingTech
5547,ConstructionTech
5651,PropTech
5830,ConstructionTech
5833,PropTech
6206,ConstructionTech
6168,PropTech
5454,PropTech
6357,FinTech
6575,ManufacturingTech
7295,ConstructionTech
5945,ManufacturingTech
5475,FinTech
6456,PropTech
6278,FinTech
6491,FinTech
6312,FinTech
6053,ManufacturingTech
6508,ConstructionTech
5058,ManufacturingTech
7209,PropTech
7297,PropTech
5193,PropTech
5793,FinTech
5266,PropTech
7275,Health & Life Science Tech
6248,FinTech
7004,PropTech
7068,PropTech
5611,Health & Life Science Tech
6699,FinTech
6081,Health & Life Science Tech
6060,PropTech
7007,ConstructionTech
6008,PropTech
6735,ManufacturingTech
6349,FinTech
5863,Health & Life Science Tech
6219,Health & Life Science Tech
7253,ConstructionTech
6335,Health & Life Science Tech
5804,ConstructionTech
6303,PropTech
6768,ConstructionTech
7376,Health & Life Science Tech
6236,ManufacturingTech
6637,FinTech
7312,FinTech
7019,ConstructionTech
5800,ConstructionTech
6737,FinTech
5901,PropTech
5384,ManufacturingTech
7451,Health & Life Science Tech
5589,PropTech
7076,ManufacturingTech
6367,PropTech
5918,FinTech
7051,FinTech
7027,ConstructionTech
6047,FinTech
6397,Health & Life Science Tech
6317,ManufacturingTech
5605,PropTech
6503,ManufacturingTech
5588,Health & Life Science Tech
5564,ConstructionTech
6506,Health & Life Science Tech
5705,ManufacturingTech
7277,Health & Life Science Tech
5076,Health & Life Science Tech
7022,ManufacturingTech
5182,ConstructionTech
7228,ManufacturingTech
6886,Health & Life Science Tech
6376,Health & Life Science Tech
6320,Health & Life Science Tech
5954,Health & Life Science Tech
7106,FinTech
6554,Health & Life Science Tech
5555,Health & Life Science Tech
6180,Health & Life Science Tech
6553,ConstructionTech
6645,FinTech
5119,PropTech
7236,PropTech
5657,PropTech
7146,ManufacturingTech
6250,ConstructionTech
5304,ManufacturingTech
7305,PropTech
7121,PropTech
5868,ConstructionTech
5365,ConstructionTech
7455,Health & Life Science Tech
6585,PropTech
6238,FinTech
6990,FinTech
7499,ManufacturingTech
5424,ConstructionTech
7179,FinTech
5993,ConstructionTech
7395,PropTech
5443,PropTech
6290,ConstructionTech
6573,ConstructionTech
6392,ConstructionTech
5544,ConstructionTech
6119,ConstructionTech
5532,FinTech
6074,PropTech
7327,ConstructionTech
5383,ConstructionTech
5125,ConstructionTech
5788,PropTech
6482,ConstructionTech
5072,ConstructionTech
5139,ConstructionTech
7054,ConstructionTech
6872,ConstructionTech
6910,FinTech
7260,ConstructionTech
6114,ManufacturingTech
5928,PropTech
5668,FinTech
6371,ManufacturingTech
6259,FinTech
7116,ConstructionTech
5966,PropTech
6084,ManufacturingTech
7464,ConstructionTech
5280,PropTech
6870,Health & Life Science Tech
6051,PropTech
5607,Health & Life Science Tech
7306,ConstructionTech
7344,Health & Life Science Tech
5843,Health & Life Science Tech
5932,FinTech
6475,Health & Life Science Tech
5876,Health & Life Science Tech
6685,Health & Life Science Tech
5517,Health & Life Science Tech
5595,PropTech
5161,FinTech
5816,FinTech
6688,ConstructionTech
6035,ConstructionTech
6192,FinTech
5134,FinTech
5819,ManufacturingTech
6216,ManufacturingTech
7462,ConstructionTech
5586,FinTech
6598,Health & Life Science Tech
5998,FinTech
6116,Health & Life Science Tech
5840,FinTech
6487,Health & Life Science Tech
6740,PropTech
6552,Health & Life Science Tech
6489,ManufacturingTech
6672,Health & Life Science Tech
6364,ConstructionTech
7365,ManufacturingTech
5772,ConstructionTech
5376,ConstructionTech
6416,FinTech
6620,PropTech
7461,ConstructionTech
6741,ConstructionTech
6070,FinTech
6342,ConstructionTech
5645,ConstructionTech
7222,FinTech
6128,ManufacturingTech
7156,Health & Life Science Tech
5440,FinTech
5969,Health & Life Science Tech
6643,FinTech
5538,FinTech
5699,ManufacturingTech
7456,Health & Life Science Tech
7130,Health & Life Science Tech
5851,PropTech
6670,Health & Life Science Tech
7427,ConstructionTech
5186,ConstructionTech
5022,ManufacturingTech
7032,ConstructionTech
5151,ManufacturingTech
7187,Health & Life Science Tech
6105,ManufacturingTech
6983,PropTech
5610,ConstructionTech
6692,ConstructionTech
6524,ManufacturingTech
6511,ManufacturingTech
5034,ConstructionTech
6985,ConstructionTech
5551,FinTech
6440,ConstructionTech
5390,ManufacturingTech
7263,ConstructionTech
7176,ConstructionTech
7237,PropTech
5284,ConstructionTech
5491,ManufacturingTech
7454,ConstructionTech
6225,ConstructionTech
5370,ConstructionTech
6841,Health & Life Science Tech
7390,Health & Life Science Tech
6798,ConstructionTech
7290,PropTech
6529,ConstructionTech
6426,Health & Life Science Tech
5666,ManufacturingTech
5233,Health & Life Science Tech
6245,PropTech
5797,Health & Life Science Tech
7080,ConstructionTech
6112,ConstructionTech
7420,ConstructionTech
5512,ConstructionTech
6275,ConstructionTech
6496,ConstructionTech
6509,ConstructionTech
6468,ConstructionTech
6999,ConstructionTech
6117,ConstructionTech
6792,ConstructionTech
6791,ConstructionTech
6018,ConstructionTech
5744,ConstructionTech
5781,ConstructionTech
7131,ManufacturingTech
5292,PropTech
5147,PropTech
6242,ManufacturingTech
7426,ConstructionTech
6209,PropTech
6010,FinTech
6089,FinTech
5574,ManufacturingTech
5421,ManufacturingTech
7340,ConstructionTech
7270,ConstructionTech
7196,ConstructionTech
6309,PropTech
6834,FinTech
6847,PropTech
5719,ManufacturingTech
6962,Health & Life Science Tech
6923,ManufacturingTech
5920,Health & Life Science Tech
6446,PropTech
5425,ConstructionTech
5381,ManufacturingTech
7332,FinTech
5456,FinTech
6603,PropTech
5713,ConstructionTech
5256,Health & Life Science Tech
6391,Health & Life Science Tech
5170,FinTech
5175,ManufacturingTech
7439,PropTech
5362,Health & Life Science Tech
5571,ConstructionTech
6887,PropTech
5632,ManufacturingTech
6079,PropTech
5860,Health & Life Science Tech
6977,ConstructionTech
5877,ConstructionTech
6749,PropTech
6442,ManufacturingTech
5158,PropTech
5592,ConstructionTech
7246,Health & Life Science Tech
7284,ConstructionTech
7006,PropTech
5184,ConstructionTech
6950,Health & Life Science Tech
6493,Health & Life Science Tech
6844,FinTech
5908,Health & Life Science Tech
6107,Health & Life Science Tech
6978,ConstructionTech
6959,ConstructionTech
6478,FinTech
5030,ConstructionTech
5909,ConstructionTech
5417,PropTech
5603,Health & Life Science Tech
7489,PropTech
5977,FinTech
5227,FinTech
6615,FinTech
6083,ManufacturingTech
7070,PropTech
7382,Health & Life Science Tech
6561,ConstructionTech
7114,ConstructionTech
6690,PropTech
7467,ConstructionTech
7440,ConstructionTech
6422,PropTech
5110,ManufacturingTech
5602,PropTech
6113,PropTech
5436,FinTech
5524,ManufacturingTech
5787,ManufacturingTech
7180,FinTech
6584,ConstructionTech
6141,FinTech
6725,FinTech
6715,Health & Life Science Tech
6149,ManufacturingTech
5874,PropTech
6534,ConstructionTech
5698,PropTech
7442,FinTech
5143,ManufacturingTech
5939,ConstructionTech
6930,ConstructionTech
5505,PropTech
5116,ManufacturingTech
6968,Health & Life Science Tech
6256,PropTech
6025,ConstructionTech
6519,ConstructionTech
5355,FinTech
6706,FinTech
5824,Health & Life Science Tech
5402,PropTech
7031,Health & Life Science Tech
5917,Health & Life Science Tech
7053,ManufacturingTech
7225,Health & Life Science Tech
5801,FinTech
5247,PropTech
7491,PropTech
5222,PropTech
5520,ManufacturingTech
6498,PropTech
5244,PropTech
7000,PropTech
6591,PropTech
7301,PropTech
5352,FinTech
5817,PropTech
6146,FinTech
7153,Health & Life Science Tech
5306,ManufacturingTech
5331,ManufacturingTech
6313,Health & Life Science Tech
5418,ManufacturingTech
7384,Health & Life Science Tech
5637,Health & Life Science Tech
5649,Health & Life Science Tech
5295,Health & Life Science Tech
7385,Health & Life Science Tech
5769,ConstructionTech
6220,Health & Life Science Tech
5278,Health & Life Science Tech
5397,ConstructionTech
5379,ManufacturingTech
6608,ManufacturingTech
7083,PropTech
5897,Health & Life Science Tech
5363,FinTech
5093,PropTech
7435,ManufacturingTech
6682,FinTech
6330,ManufacturingTech
5516,Health & Life Science Tech
6127,ConstructionTech
5299,ConstructionTech
5419,PropTech
6812,PropTech
5712,ManufacturingTech
5412,FinTech
5706,FinTech
5941,FinTech
5271,ManufacturingTech
5653,ConstructionTech
6380,PropTech
5695,Health & Life Science Tech
7052,ManufacturingTech
7059,ConstructionTech
5585,FinTech
6747,ConstructionTech
5601,ConstructionTech
7345,ManufacturingTech
5745,FinTech
7186,Health & Life Science Tech
6752,FinTech
5731,PropTech
6484,ConstructionTech
6067,ConstructionTech
6368,Health & Life Science Tech
5204,PropTech
6193,FinTech
6714,ManufacturingTech
6627,ConstructionTech
6138,ManufacturingTech
5005,PropTech
6739,ConstructionTech
6624,Health & Life Science Tech
6420,Health & Life Science Tech
5053,Health & Life Science Tech
5045,ManufacturingTech
5792,Health & Life Science Tech
7286,ManufacturingTech
6110,ManufacturingTech
5543,Health & Life Science Tech
5081,PropTech
6163,FinTech
5041,FinTech
5770,FinTech
5003,ConstructionTech
5583,ManufacturingTech
7314,ManufacturingTech
6260,ConstructionTech
7339,ManufacturingTech
5707,ConstructionTech
7169,ManufacturingTech
7341,ManufacturingTech
5215,ConstructionTech
6265,ConstructionTech
5501,FinTech
5872,PropTech
5835,PropTech
5216,Health & Life Science Tech
6466,Health & Life Science Tech
6501,ManufacturingTech
6601,FinTech
7422,ConstructionTech
6974,Health & Life Science Tech
5613,PropTech
6650,ConstructionTech
7243,PropTech
5194,Health & Life Science Tech
6020,ConstructionTech
6797,Health & Life Science Tech
5811,FinTech
6638,Health & Life Science Tech
5150,FinTech
6481,ConstructionTech
5622,ConstructionTech
5799,ConstructionTech
6381,ConstructionTech
7445,ManufacturingTech
5951,PropTech
6770,FinTech
7415,ManufacturingTech
6546,ConstructionTech
7326,PropTech
7457,ManufacturingTech
6170,PropTech
6251,ConstructionTech
5086,ConstructionTech
6184,ManufacturingTech
7278,ConstructionTech
5060,ConstructionTech
5577,ConstructionTech
6975,ManufacturingTech
6235,Health & Life Science Tech
6919,ManufacturingTech
6073,PropTech
6861,FinTech
5947,Health & Life Science Tech
6414,FinTech
6014,ConstructionTech
6697,PropTech
5377,ConstructionTech
6390,ConstructionTech
6839,ConstructionTech
5435,FinTech
6298,Health & Life Science Tech
7398,ConstructionTech
7261,ManufacturingTech
6819,PropTech
6880,ManufacturingTech
5616,FinTech
7208,ConstructionTech
6691,FinTech
5552,ConstructionTech
5887,FinTech
6982,ConstructionTech
5404,FinTech
7110,FinTech
6654,ManufacturingTech
5644,Health & Life Science Tech
7466,Health & Life Science Tech
6502,Health & Life Science Tech
5455,ManufacturingTech
7473,Health & Life Science Tech
7109,Health & Life Science Tech
5250,Health & Life Science Tech
6831,ConstructionTech
5367,FinTech
7141,FinTech
6702,ConstructionTech
6814,PropTech
5391,FinTech
7227,ConstructionTech
6604,ManufacturingTech
6587,ConstructionTech
6464,Health & Life Science Tech
5684,ConstructionTech
7378,PropTech
6898,Health & Life Science Tech
5783,PropTech
7391,FinTech
6436,ConstructionTech
6348,ManufacturingTech
6142,ManufacturingTech
5368,ManufacturingTech
7324,ManufacturingTech
6622,ConstructionTech
6779,Health & Life Science Tech
5057,ConstructionTech
6937,PropTech
6784,Health & Life Science Tech
5553,FinTech
5396,FinTech
6780,Health & Life Science Tech
5291,ConstructionTech
6444,Health & Life Science Tech
7406,ConstructionTech
6281,ConstructionTech
5522,Health & Life Science Tech
6992,Health & Life Science Tech
7283,ConstructionTech
7047,PropTech
5755,ConstructionTech
5756,ConstructionTech
5261,FinTech
6155,ConstructionTech
5082,ConstructionTech
5923,FinTech
6336,ManufacturingTech
6292,Health & Life Science Tech
5994,FinTech
6359,ConstructionTech
6394,Health & Life Science Tech
7067,ConstructionTech
5536,ConstructionTech
6430,Health & Life Science Tech
5360,PropTech
5462,ManufacturingTech
7137,ConstructionTech
7371,FinTech
6991,ConstructionTech
6538,PropTech
5821,ConstructionTech
5014,Health & Life Science Tech
5639,ManufacturingTech
5334,FinTech
6719,ManufacturingTech
6809,PropTech
7472,ConstructionTech
5176,ConstructionTech
5834,FinTech
7493,FinTech
5300,ConstructionTech
5431,Health & Life Science Tech
6675,PropTech
5403,FinTech
5258,FinTech
5778,ConstructionTech
6559,ManufacturingTech
5862,ConstructionTech
5838,ManufacturingTech
7128,ConstructionTech
5007,ManufacturingTech
5806,Health & Life Science Tech
6946,ManufacturingTech
7418,Health & Life Science Tech
6358,Health & Life Science Tech
6379,FinTech
5891,Health & Life Science Tech
7012,FinTech
6829,Health & Life Science Tech
7100,ConstructionTech
5905,PropTech
7488,PropTech
5849,ManufacturingTech
6300,Health & Life Science Tech
5871,ManufacturingTech
6451,PropTech
7183,ManufacturingTech
6680,ConstructionTech
5938,ManufacturingTech
5852,ConstructionTech
7287,FinTech
6987,FinTech
6147,ManufacturingTech
5678,PropTech
6211,FinTech
5361,ConstructionTech
7347,PropTech
5153,PropTech
6467,Health & Life Science Tech
7387,ManufacturingTech
7432,FinTech
7396,ManufacturingTech
6172,Health & Life Science Tech
5290,Health & Life Science Tech
6302,PropTech
7397,FinTech
5748,ManufacturingTech
6911,Health & Life Science Tech
7500,Health & Life Science Tech
5085,ConstructionTech
5750,ConstructionTech
6724,Health & Life Science Tech
6953,PropTech
6476,ConstructionTech
5924,PropTech
7165,PropTech
5287,PropTech
7082,PropTech
5878,ConstructionTech
7234,FinTech
6866,PropTech
7148,PropTech
5198,PropTech
7162,ConstructionTech
5115,PropTech
7452,FinTech
6449,Health & Life Science Tech
5479,Health & Life Science Tech
5794,ConstructionTech
6778,PropTech
6855,PropTech
7264,PropTech
5077,PropTech
6521,Health & Life Science Tech
6734,Health & Life Science Tech
5974,FinTech
5641,FinTech
5097,ConstructionTech
6036,ManufacturingTech
5711,Health & Life Science Tech
7192,Health & Life Science Tech
5217,Health & Life Science Tech
5921,Health & Life Science Tech
6223,Health & Life Science Tech
5468,FinTech
7358,PropTech
6765,Health & Life Science Tech
6805,PropTech
6701,ConstructionTech
6490,ManufacturingTech
5539,Health & Life Science Tech
7107,ConstructionTech
5471,PropTech
6334,FinTech
5934,ConstructionTech
6355,ConstructionTech
5346,PropTech
6596,Health & Life Science Tech
5899,ManufacturingTech
6043,Health & Life Science Tech
5823,ManufacturingTech
7118,PropTech
5805,ManufacturingTech
6825,FinTech
6404,ConstructionTech
6918,ManufacturingTech
5366,ManufacturingTech
7040,PropTech
7495,PropTech
6307,PropTech
5963,Health & Life Science Tech
7055,FinTech
6539,ManufacturingTech
6807,ConstructionTech
5847,Health & Life Science Tech
5157,ConstructionTech
7194,ManufacturingTech
5002,PropTech
6387,Health & Life Science Tech
7479,Health & Life Science Tech
6123,ConstructionTech
7001,ConstructionTech
5930,Health & Life Science Tech
6332,Health & Life Science Tech
5614,ConstructionTech
7058,PropTech
6642,ConstructionTech
6794,FinTech
7346,ConstructionTech
6818,ConstructionTech
7105,ConstructionTech
6609,ManufacturingTech
5322,PropTech
7337,ManufacturingTech
7151,Health & Life Science Tech
7199,ManufacturingTech
5621,PropTech
6579,Health & Life Science Tech
7322,PropTech
6407,PropTech
7174,ConstructionTech
5429,ConstructionTech
5494,FinTech
6763,ConstructionTech
7272,PropTech
6418,PropTech
5298,ConstructionTech
6708,FinTech
5916,Health & Life Science Tech
5763,Health & Life Science Tech
5627,ConstructionTech
5752,PropTech
6497,Health & Life Science Tech
5308,ConstructionTech
5635,ConstructionTech
5109,ConstructionTech
6980,ManufacturingTech
7240,FinTech
6628,PropTech
5040,PropTech
6782,PropTech
5527,ConstructionTech
6651,ConstructionTech
5031,PropTech
5008,ConstructionTech
5179,FinTech
5628,FinTech
7316,Health & Life Science Tech
5940,ConstructionTech
5784,PropTech
6548,PropTech
6108,Health & Life Science Tech
7129,PropTech
5094,Health & Life Science Tech
6605,ConstructionTech
6704,FinTech
7133,ConstructionTech
6530,ConstructionTech
5373,FinTech
6207,FinTech
6038,Health & Life Science Tech
5023,ConstructionTech
6233,PropTech
5445,ManufacturingTech
5017,Health & Life Science Tech
7041,FinTech
6891,FinTech
5964,ManufacturingTech
6652,ConstructionTech
7256,PropTech
6029,ConstructionTech
5124,Health & Life Science Tech
5647,ConstructionTech
6909,ConstructionTech
5148,PropTech
5487,ConstructionTech
7108,FinTech
5673,Health & Life Science Tech
5169,ConstructionTech
6319,FinTech
6429,PropTech
6474,FinTech
7242,ManufacturingTech
7357,Health & Life Science Tech
6115,ManufacturingTech
6846,FinTech
6347,ConstructionTech
5550,ConstructionTech
6989,Health & Life Science Tech
5220,PropTech
6135,Health & Life Science Tech
5351,ConstructionTech
5623,Health & Life Science Tech
7095,PropTech
6853,FinTech
7147,ConstructionTech
7085,Health & Life Science Tech
6189,ManufacturingTech
5802,FinTech
5159,PropTech
5718,ManufacturingTech
5733,Health & Life Science Tech
6417,Health & Life Science Tech
5095,ManufacturingTech
5541,FinTech
7356,FinTech
5234,PropTech
5513,ManufacturingTech
5238,Health & Life Science Tech
7349,PropTech
6377,ConstructionTech
6868,ConstructionTech
5207,Health & Life Science Tech
6453,ConstructionTech
6711,ConstructionTech
5839,ManufacturingTech
6034,ManufacturingTech
6889,ManufacturingTech
6668,ConstructionTech
7178,PropTech
5735,PropTech
5762,PropTech
6934,Health & Life Science Tech
5779,FinTech
6230,Health & Life Science Tech
6385,Health & Life Science Tech
6830,ConstructionTech
5640,Health & Life Science Tech
6098,ManufacturingTech
6231,PropTech
5569,PropTech
6361,ConstructionTech
5702,ConstructionTech
5400,FinTech
6161,FinTech
6832,FinTech
6033,PropTech
6845,ConstructionTech
6823,ConstructionTech
7375,ManufacturingTech
5302,ConstructionTech
7166,ManufacturingTech
6101,ConstructionTech
6781,PropTech
6558,PropTech
7429,FinTech
7043,ManufacturingTech
6082,ManufacturingTech
5104,Health & Life Science Tech
6396,ManufacturingTech
6345,Health & Life Science Tech
7438,FinTech
7377,FinTech
6895,FinTech
7015,ConstructionTech
5070,Health & Life Science Tech
6004,ManufacturingTech
7449,FinTech
5562,PropTech
6214,PropTech
6369,ConstructionTech
6455,Health & Life Science Tech
7136,Health & Life Science Tech
6970,FinTech
5423,ConstructionTech
6480,FinTech
6713,Health & Life Science Tech
5192,ManufacturingTech
7475,PropTech
6241,Health & Life Science Tech
6869,ManufacturingTech
5374,PropTech
7112,ConstructionTech
7370,ManufacturingTech
5079,PropTech
6876,FinTech
6623,PropTech
6633,Health & Life Science Tech
5669,Health & Life Science Tech
6301,PropTech
6800,ConstructionTech
6644,ManufacturingTech
5450,PropTech
6289,ConstructionTech
5694,ManufacturingTech
5112,ConstructionTech
5414,ConstructionTech
6321,ConstructionTech
6448,ConstructionTech
6513,ConstructionTech
7342,ManufacturingTech
7079,ManufacturingTech
5498,ConstructionTech
5548,PropTech
5870,Health & Life Science Tech
6787,ManufacturingTech
6046,ManufacturingTech
6185,ManufacturingTech
5617,PropTech
7329,Health & Life Science Tech
6563,ConstructionTech
5356,Health & Life Science Tech
6218,ConstructionTech
5497,ConstructionTech
6213,Health & Life Science Tech
7172,ManufacturingTech
5301,Health & Life Science Tech
5389,ConstructionTech
5944,PropTech
6647,FinTech
5786,PropTech
6299,ConstructionTech
7122,ConstructionTech
5829,Health & Life Science Tech
5914,FinTech
7353,PropTech
6512,Health & Life Science Tech
6410,Health & Life Science Tech
5180,Health & Life Science Tech
5065,ConstructionTech
5759,ConstructionTech
5183,FinTech
5743,FinTech
6382,ConstructionTech
5461,PropTech
6050,Health & Life Science Tech
6951,FinTech
6920,ConstructionTech
5020,Health & Life Science Tech
5230,ConstructionTech
5808,ManufacturingTech
5991,PropTech
6188,PropTech
5164,Health & Life Science Tech
6600,Health & Life Science Tech
5073,Health & Life Science Tech
7274,ManufacturingTech
6520,Health & Life Science Tech
7300,ManufacturingTech
5692,Health & Life Science Tech
7229,Health & Life Science Tech
6751,ConstructionTech
7119,ManufacturingTech
6483,PropTech
5980,ManufacturingTech
5106,Health & Life Science Tech
5967,FinTech
7159,ConstructionTech
5724,FinTech
7351,ManufacturingTech
7323,ManufacturingTech
5587,ConstructionTech
7245,ManufacturingTech
6566,Health & Life Science Tech
5257,FinTech
7425,FinTech
6658,ManufacturingTech
5714,ManufacturingTech
5162,ManufacturingTech
5638,PropTech
5465,ManufacturingTech
7074,FinTech
6365,ConstructionTech
6472,Health & Life Science Tech
5117,FinTech
7090,PropTech
5152,PropTech
6103,ManufacturingTech
6570,FinTech
5807,Health & Life Science Tech
6762,Health & Life Science Tech
5318,FinTech
6894,ConstructionTech
6655,ManufacturingTech
5297,ManufacturingTech
6733,ConstructionTech
5771,FinTech
6599,ConstructionTech
6607,ManufacturingTech
6246,PropTech
7269,PropTech
5135,ConstructionTech
6169,PropTech
5338,Health & Life Science Tech
6232,FinTech
6195,Health & Life Science Tech
7289,FinTech
6437,Health & Life Science Tech
6197,ConstructionTech
5350,ConstructionTech
5667,PropTech
6640,ConstructionTech
5206,FinTech
7248,ManufacturingTech
7362,FinTech
6705,Health & Life Science Tech
6997,ConstructionTech
6343,ManufacturingTech
7081,PropTech
7213,ConstructionTech
6630,Health & Life Science Tech
5987,PropTech
7294,ConstructionTech
5559,PropTech
5171,PropTech
5841,ConstructionTech
6732,ConstructionTech
7045,FinTech
5190,ConstructionTech
5533,FinTech
6375,Health & Life Science Tech
6661,ManufacturingTech
6531,ManufacturingTech
5155,Health & Life Science Tech
7291,ManufacturingTech
5092,ManufacturingTech
7334,ManufacturingTech
6271,ConstructionTech
5100,ConstructionTech
7155,ConstructionTech
7302,FinTech
5812,Health & Life Science Tech
5774,Health & Life Science Tech
5708,ConstructionTech
6602,ManufacturingTech
5018,FinTech
6746,ConstructionTech
6613,ManufacturingTech
5050,ManufacturingTech
7350,ManufacturingTech
6499,PropTech
6323,ConstructionTech
6897,ManufacturingTech
7419,ManufacturingTech
5168,ConstructionTech
5717,FinTech
6750,PropTech
5818,ConstructionTech
5279,FinTech
6121,ConstructionTech
5857,PropTech
5236,FinTech
7077,Health & Life Science Tech
5317,Health & Life Science Tech
6052,Health & Life Science Tech
6858,PropTech
6011,FinTech
5232,FinTech
5488,Health & Life Science Tech
6124,PropTech
6610,FinTech
5277,Health & Life Science Tech
6175,FinTech
7123,PropTech
7197,FinTech
6514,PropTech
5903,FinTech
6665,FinTech
6964,ManufacturingTech
5283,PropTech
6777,FinTech
5126,PropTech
6031,PropTech
6721,PropTech
7335,Health & Life Science Tech
5123,Health & Life Science Tech
6205,ConstructionTech
7168,ConstructionTech
6424,ConstructionTech
6707,Health & Life Science Tech
6097,ManufacturingTech
5558,ManufacturingTech
6194,ConstructionTech
7280,ConstructionTech
5201,PropTech
7217,Health & Life Science Tech
7424,PropTech
5348,ConstructionTech
6865,PropTech
7483,FinTech
6237,FinTech
6264,Health & Life Science Tech
7273,FinTech
5276,FinTech
6542,PropTech
5798,ConstructionTech
5902,ManufacturingTech
6656,ConstructionTech
7102,ManufacturingTech
6796,FinTech
6398,ConstructionTech
6253,ManufacturingTech
5364,ManufacturingTech
6595,FinTech
5069,ConstructionTech
5332,ManufacturingTech
7099,ConstructionTech
7198,PropTech
6877,ConstructionTech
7167,Health & Life Science Tech
5191,FinTech
6017,Health & Life Science Tech
5015,ConstructionTech
6434,ConstructionTech
6979,ManufacturingTech
5489,Health & Life Science Tech
7042,Health & Life Science Tech
5326,FinTech
6041,FinTech
5749,ConstructionTech
6882,PropTech
6273,Health & Life Science Tech
5320,PropTech
5853,Health & Life Science Tech
5136,FinTech
7417,FinTech
6196,ConstructionTech
5946,ConstructionTech
6902,ConstructionTech
6006,Health & Life Science Tech
7271,ConstructionTech
6093,Health & Life Science Tech
6274,ManufacturingTech
5976,PropTech
6431,PropTech
6815,FinTech
6136,PropTech
6793,ManufacturingTech
5286,ConstructionTech
5650,FinTech
5268,ManufacturingTech
7238,ConstructionTech
7097,ConstructionTech
7035,FinTech
5983,PropTech
6228,ManufacturingTech
7459,FinTech
7465,FinTech
7009,FinTech
6373,FinTech
7203,FinTech
5556,FinTech
5608,FinTech
6666,PropTech
6785,ManufacturingTech
7423,ManufacturingTech
5165,ConstructionTech
6447,ManufacturingTech
5568,ManufacturingTech
6400,ConstructionTech
7039,Health & Life Science Tech
5576,FinTech
5681,FinTech
7381,FinTech
6712,ConstructionTech
7380,FinTech
6461,ConstructionTech
6441,ManufacturingTech
6016,PropTech
5500,PropTech
6190,PropTech
6166,ManufacturingTech
5620,ManufacturingTech
6269,ConstructionTech
5979,ConstructionTech
5504,PropTech
6201,ManufacturingTech
6178,FinTech
6783,FinTech
5865,ManufacturingTech
5515,FinTech
6350,FinTech
6403,Health & Life Science Tech
5579,Health & Life Science Tech
6594,Health & Life Science Tech
7132,Health & Life Science Tech
6458,ManufacturingTech
5990,PropTech
5507,ManufacturingTech
6941,ManufacturingTech
6028,Health & Life Science Tech
5386,ConstructionTech
6415,PropTech
7368,ConstructionTech
6716,ConstructionTech
5059,ManufacturingTech
6936,FinTech
5188,Health & Life Science Tech
6828,FinTech
6736,PropTech
7279,PropTech
7232,PropTech
6535,PropTech
6428,PropTech
6090,PropTech
5660,ConstructionTech
6649,ConstructionTech
7480,Health & Life Science Tech
